name,chembl_id,smiles,IC50_nM
LAVENDUSTIN_A,CHEMBL103552,O=C(O)c1cc(N(Cc2ccccc2O)Cc2cc(O)ccc2O)ccc1O,0.0044
CHEMBL483830,CHEMBL483830,O=C(O)c1cc(N(Cc2cc(O)ccc2O)Cc2cc(O)ccc2O)ccc1O,0.011
LAVENDUSTIN_C,CHEMBL319620,O=C(O)c1cc(NCc2cc(O)ccc2O)ccc1O,0.012
CHEMBL483831,CHEMBL483831,O=C(O)c1ccc(O)c(N(Cc2ccccc2O)Cc2cc(O)ccc2O)c1,0.17
ERBSTATIN,CHEMBL47986,O=CN/C=C/c1cc(O)ccc1O,0.2
LAVENDUSTIN_B,CHEMBL485258,O=C(O)c1cc(N(Cc2ccccc2O)Cc2ccccc2O)ccc1O,0.49
CHEMBL520491,CHEMBL520491,O=C(O)c1cc(/N=C\c2cc(O)ccc2O)ccc1O,0.76
CANERTINIB_DIHYDROCHLORIDE,CHEMBL545315,C=CC(=O)Nc1cc2c(Nc3ccc(F)c(Cl)c3)ncnc2cc1OCCCN1CCOCC1.Cl.Cl,1.6
MESALAMINE,CHEMBL704,Nc1ccc(O)c(C(=O)O)c1,2.7
CHEMBL5440872,CHEMBL5440872,COc1cc2ncnc(Nc3ccc(F)c(Cl)c3)c2cc1OC(=O)/C=C/CN1CCCCC1,7.943
GEFITINIB,CHEMBL939,COc1cc2ncnc(Nc3ccc(F)c(Cl)c3)c2cc1OCCCN1CCOCC1,14.4
ERLOTINIB,CHEMBL553,C#Cc1cccc(Nc2ncnc3cc(OCCOC)c(OCCOC)cc23)c1,19.3
DACOMITINIB_ANHYDROUS,CHEMBL2110732,COc1cc2ncnc(Nc3ccc(F)c(Cl)c3)c2cc1NC(=O)/C=C/CN1CCCCC1,19.95
CHEMBL243186,CHEMBL243186,O=Cc1cc(O)ccc1O,33.0
CHEMBL52765,CHEMBL52765,Nc1ccc2ncnc(Nc3cccc(Br)c3)c2c1,40.0
CHEMBL66031,CHEMBL66031,Brc1cccc(Nc2ncnc3cc4[nH]cnc4cc23)c1,46.0
CHEMBL5429059,CHEMBL5429059,COc1cc2ncnc(Nc3ccc(F)c(Cl)c3)c2cc1NC(=O)/C=C/n1cc(F)c(=O)[nH]c1=O,50.12
CHEMBL137617,CHEMBL137617,C/N=N/Nc1ccc2ncnc(Nc3cccc(Br)c3)c2c1,70.0
OSIMERTINIB,CHEMBL3353410,C=CC(=O)Nc1cc(Nc2nccc(-c3cn(C)c4ccccc34)n2)c(OC)cc1N(C)CCN(C)C,81.0
TYRPHOSTIN_AG-1478,CHEMBL7917,COc1cc2ncnc(Nc3cccc(Cl)c3)c2cc1OC,100.0
CHEMBL242963,CHEMBL242963,Nc1cc(C(=O)O)ccc1O,100.0
CHEMBL152448,CHEMBL152448,CN(CO)/N=N/c1ccc2ncnc(Nc3cccc(Br)c3)c2c1,110.0
CHEMBL152922,CHEMBL152922,CC(=O)OCN(C)/N=N/c1ccc2ncnc(Nc3cccc(Br)c3)c2c1,130.0
CHEMBL5438568,CHEMBL5438568,COc1cc2ncnc(Nc3ccc(F)c(Cl)c3)c2cc1OC(=O)/C=C/n1cc(F)c(=O)[nH]c1=O,158.49
CHEMBL4537790,CHEMBL4537790,Cc1cc2cc(n1)-c1cnn(C)c1OCCC[C@@H](C)CN1/C(=N/C2=O)Nc2ccc(CN3CCN(C)CC3)cc21,190.0
CHEMBL137189,CHEMBL137189,C/N=N/Nc1ccc2ncnc(Nc3cccc(C)c3)c2c1,200.0
CHEMBL4566193,CHEMBL4566193,Cn1ncc2c1OCCCCCN1/C(=N/C(=O)c3cc(F)nc-2c3)Nc2ccccc21,270.0
CHEMBL153577,CHEMBL153577,CC(=O)N(C)/N=N/c1ccc2ncnc(Nc3cccc(C)c3)c2c1,578.0
CHEMBL4532034,CHEMBL4532034,COc1ccncc1-c1cc(C(=O)/N=c2\[nH]c3ccccc3n2CC(C)(C)O)ccn1,700.0
CHEMBL341946,CHEMBL341946,O=C(NCCCc1ccccc1)c1cc(NCc2cc(O)ccc2O)ccc1O,1000.0
CHEMBL4562138,CHEMBL4562138,Cc1cc2cc(n1)-c1cnn(C)c1OCCC[C@@H](C)CN1/C(=N/C2=O)Nc2ccccc21,1100.0
CHEMBL4519157,CHEMBL4519157,O=C1/N=C2\Nc3ccccc3N2CCCCCOc2ccccc2-c2cc1ccn2,1300.0
CHEMBL5424516,CHEMBL5424516,COc1cc2ncnc(NCc3ccc(NC(=O)C(c4ccccc4)N4Cc5ccccc5C4=O)cc3)c2cc1OCCCN1CCOCC1,1450.0
CHEMBL5593705,CHEMBL5593705,CS(=O)(=O)c1ccc(NC(=O)c2cc(-c3ccc(Cl)cc3)n(-c3ccccc3)n2)cc1,1700.0
CHEMBL4550104,CHEMBL4550104,Cc1cc2cc(n1)-c1cnn(C)c1OCCCCCN1/C(=N/C2=O)Nc2ccccc21,2300.0
CHEMBL5595541,CHEMBL5595541,NS(=O)(=O)c1ccc(NC(=O)c2cc(-c3ccc(Cl)cc3)n(-c3ccccc3)n2)cc1,2700.0
CHEMBL7819,CHEMBL7819,COc1cc(O)c2c(=O)c(-c3cccc(Cl)c3)cn(C)c2c1,2830.0
SORAFENIB,CHEMBL1336,CNC(=O)c1cc(Oc2ccc(NC(=O)Nc3ccc(Cl)c(C(F)(F)F)c3)cc2)ccn1,3500.0
CHEMBL4449589,CHEMBL4449589,CC(C)(O)Cn1/c(=N/C(=O)c2ccnc(-c3cccnc3)c2)[nH]c2ccccc21,3600.0
CHEMBL142135,CHEMBL142135,O=C(NC1CCc2ccccc2C1)c1cc(NCc2cc(O)ccc2O)ccc1O,4000.0
CHEMBL44918,CHEMBL44918,O=C(NCCc1ccc(F)cc1)c1cc(NCc2cc(O)ccc2O)ccc1O,4000.0
CHEMBL7810,CHEMBL7810,COc1cc(O)c2c(=O)c(-c3cccc(Cl)c3)cn(CCc3ccccc3)c2c1,4930.0
CHEMBL4525935,CHEMBL4525935,Cn1cc(-c2cc(C(=O)/N=c3\[nH]c4ccccc4n3CC(C)(C)O)ccn2)cn1,5100.0
CHEMBL140774,CHEMBL140774,O=C(NCc1ccccc1)c1cc(NCc2cc(O)ccc2O)ccc1O,8000.0
CHEMBL7866,CHEMBL7866,COC(=O)Cn1cc(-c2cccc(Cl)c2)c(=O)c2c(O)cc(OC)cc21,9550.0
CHEMBL4434788,CHEMBL4434788,CC(C)(O)Cn1/c(=N/C(=O)c2ccnc(-c3ccccc3)c2)[nH]c2ccccc21,10000.0
CHEMBL4284413,CHEMBL4284413,O=C(Nc1nccs1)C(c1ccccc1)N1Cc2ccccc2C1=O,10000.0
CHEMBL426587,CHEMBL426587,CN(C)CCCn1nc(C2=C(c3cn(-c4csc5ccccc45)c4ccccc34)C(=O)NC2=O)c2ccccc21,10000.0
CHEMBL359486,CHEMBL359486,CN(C)CCCn1nc(C2=C(c3cn(-c4cnc5ccccc5c4)c4ccccc34)C(=O)NC2=O)c2ccccc21,10000.0
CHEMBL360304,CHEMBL360304,CN(C)CCCn1nc(C2=C(c3cn(-c4cccc5ccccc45)c4ccccc34)C(=O)NC2=O)c2ccccc21,10000.0
